Ploidy,Sequencefile
2,INCQ_PCRfree_1-McKain_252-WiDiv_43_CCGCGGTT_Andropogon_gerardii
2,INCR_PCRfree_Loretta_12mi-3_25_TTATAACC_Andropogon_gerardii
2,INCS_PCRfree_Loretta_CDB-2_37_GGACTTGG_Andropogon_gerardii
2,INCT_PCRfree_Loretta_SAL-3_4_AAGTCCAA_Andropogon_gerardii
2,INCU_PCRfree_Texas-1_40_ATCCACTG_Andropogon_gerardii
2,INCW_PCRfree_3-3-Kellogg-1271_47_AGTTCAGG_Andropogon_gerardii
2,INCX_PCRfree_Loretta_12mi-4_26_GACCTGAA_Andropogon_gerardii
2,INCY_PCRfree_Loretta_CDB-3_38_TCTCTACT_Andropogon_gerardii
2,INCZ_PCRfree_Loretta_SAL-4_5_CTCTCGTC_Andropogon_gerardii
2,INDA_PCRfree_Texas-2_41_CCAAGTCT_Andropogon_gerardii
2,INDB_PCRfree_4-1-McKain_WI-Diversity_45_TAATACAG_Andropogon_gerardii
2,INDC_PCRfree_Loretta_12mi-5_27_CGGCGTGA_Andropogon_gerardii
2,INDD_PCRfree_Loretta_CDB-4_39_ATGTAAGT_Andropogon_gerardii
3,INDE_PCRfree_Loretta_SAL-5_6_GCACGGAC_Andropogon_gerardii
2,INDF_PCRfree_4-2-McKain_255-IllmuisDiv_44_ACTAAGAT_Andropogon_gerardii
2,INDG_PCRfree_Loretta_12mi-6_28_GTCGGAGC_Andropogon_gerardii
2,INDH_PCRfree_Loretta_DES-1_42_CTTGGTAT_Andropogon_gerardii
2,INDI_PCRfree_Loretta_SAL-6_7_TCCAACGC_Andropogon_gerardii
2,INDL_PCRfree_Loretta_FUL-2_32_AGCCTCAT_Andropogon_gerardii
2,INDN_PCRfree_5-3-McKain_254-WI-Diversity_46_ATATGGAT_Andropogon_gerardii
2,INDP_PCRfree_Loretta_12mi-8_30_GCGCAAGC_Andropogon_gerardii
2,INDQ_PCRfree_Loretta_FUL-3_33_AAGATACT_Andropogon_gerardii
2,INDR_PCRfree_Loretta_WAL-3_11_GGAGCGTC_Andropogon_gerardii
2,INDS_PCRfree_6-1-McKain-252_WI_Div_49_ATATCTCG_Andropogon_gerardii
2,INDT_PCRfree_Loretta_BB-1_18_GCGCTCTA_Andropogon_gerardii
2,INDU_PCRfree_Loretta_FUL-4_34_AACAGGTT_Andropogon_gerardii
2,INDW_PCRfree_Loretta_WAL-4_12_GGTGAACC_Andropogon_gerardii
2,INDX_PCRfree_7-2-McKain-252_WI_Div_50_TGCGGCGT_Andropogon_gerardii
2,INDY_PCRfree_Loretta_BB-2_19_CATAATAC_Andropogon_gerardii
2,INDZ_PCRfree_Loretta_FUL-5_35_GATCTATC_Andropogon_gerardii
2,INEA_PCRfree_Loretta_WAL-5_13_AGCTCGCT_Andropogon_gerardii
2,INEB_PCRfree_CAM807_51_ACACTAAG_Andropogon_gerardii
2,INEC_PCRfree_Loretta_BB-3_20_GTGTCGGA_Andropogon_gerardii
2,INED_PCRfree_Loretta_Ful-1_31_TTCCTGTT_Andropogon_gerardii
2,INEE_PCRfree_Loretta_WAL-6_14_CCTTCACC_Andropogon_gerardii
2,INEF_PCRfree_LJ-PopBB_ARA_23_CAATTAAC_Andropogon_gerardii
2,INEG_PCRfree_Loretta_BB-4_21_TGGCCGGT_Andropogon_gerardii
2,INEH_PCRfree_Loretta_SAL-1_2_AGTACTCC_Andropogon_gerardii
2,INEI_PCRfree_Loretta_WEB-3_17_GACGTCTT_Andropogon_gerardii
2,INEJ_PCRfree_LJ_Pop-WAL1_9_AACTGTAG_Andropogon_gerardii
2,INEK_PCRfree_Loretta_BB-5_22_GGTCACGA_Andropogon_gerardii
2,INEL_PCRfree_Loretta_SAL-13_8_CTGCTTCC_Andropogon_gerardii
2,INEM_PCRfree_Loretta_Web_15_TCATCCTT_Andropogon_gerardii
2,INEP_PCRfree_Loretta_CDB-1_36_CGCTATGT_Andropogon_gerardii
2,INEQ_PCRfree_Loretta_SAL-2_3_GTATGTTC_Andropogon_gerardii
2,INER_PCRfree_Loretta_Web-2_16_ACGCACCT_Andropogon_gerardii
2,INDM_PCRfree_Loretta_WAL-2_10_GATTCTGC_Andropogon_gerardii.merge
